Abilene  ,Texas
Addison ,Illinois
Akron  ,Ohio
Alameda  ,California
Albany  ,New York
Albany  ,Georgia
Albany  ,Oregon
Albuquerque  ,New Mexico
Alexandria  ,Virginia
Alexandria  ,Louisiana
Alhambra  ,California
Aliso Viejo  ,California
Allen  ,Texas
Allen  ,Pennsylvania
Alpharetta  ,Georgia
Altamonte Springs  ,Florida
Altoona  ,Pennsylvania
Amarillo  ,Texas
Ames  ,Iowa
Anaheim  ,California
Anchorage   ,Alaska
Anderson  ,Indiana
Ankeny  ,Iowa
Ann Arbor  ,Michigan
Annapolis  ,Maryland
Antioch  ,California
Apache Junction  ,Arizona
Apex  ,North Carolina
Apopka  ,Florida
Apple Valley  ,Minnesota
Apple Valley  ,California
Appleton  ,Wisconsin
Arcadia  ,California
Arlington  ,Texas
Arlington Heights  ,Illinois
Arvada  ,Colorado
Asheville  ,North Carolina
,
Atlanta  ,Georgia
Atlantic   ,New Jersey
Attleboro  ,Massachusetts
Auburn  ,Washington
Auburn  ,Alabama
Aurora  ,Colorado
Aurora  ,Illinois
Austin  ,Texas
Aventura  ,Florida
Avondale  ,Arizona
Azusa  ,California
Bakersfield  ,California
Baldwin Park  ,California
Baltimore  ,Maryland
Barnstable ,Massachusetts
Bartlett  ,Tennessee
Bartlett ,Illinois
Baton Rouge  ,Louisiana
Battle Creek  ,Michigan
Bayonne  ,New Jersey
Bay  ,Texas
Beaumont  ,Texas
Beaumont  ,California
Beavercreek  ,Ohio
Beaverton  ,Oregon
Bedford  ,Texas
Bell Gardens  ,California
Belleville  ,Illinois
Bellevue  ,Washington
Bellevue  ,Nebraska
Bellflower  ,California
Bellingham  ,Washington
Beloit  ,Wisconsin
Bend  ,Oregon
Bentonville  ,Arkansas
Berkeley  ,California
Berwyn  ,Illinois
Bethlehem  ,Pennsylvania
Beverly  ,Massachusetts
Billings  ,Montana
Biloxi  ,Mississippi
Binghamton  ,New York
Birmingham  ,Alabama
Bismarck  ,North Dakota
Blacksburg ,Virginia
Blaine  ,Minnesota
Bloomington  ,Minnesota
Bloomington  ,Indiana
Bloomington  ,Illinois
Blue Springs  ,Missouri
Boca Raton  ,Florida
Boise   ,Idaho
Bolingbrook,Illinois
Bonita Springs  ,Florida
Bossier   ,Louisiana
Boston  ,Massachusetts
Boulder  ,Colorado
Bountiful  ,Utah
Bowie  ,Maryland
Bowling Green  ,Kentucky
Boynton Beach  ,Florida
Bozeman  ,Montana
Bradenton  ,Florida
Brea  ,California
Bremerton  ,Washington
Brentwood  ,California
Brentwood  ,Tennessee
Bridgeport  ,Connecticut
Bristol  ,Connecticut
Brockton  ,Massachusetts
Broken Arrow  ,Oklahoma
Brookfield  ,Wisconsin
Brookhaven  ,Georgia
Brooklyn Park  ,Minnesota
Broomfield  ,Colorado
Brownsville  ,Texas
Bryan  ,Texas
Buckeye,Arizona
Buena Park  ,California
Buffalo  ,New York
Buffalo Grove ,Illinois
Bullhead   ,Arizona
Burbank  ,California
Burien  ,Washington
Burleson  ,Texas
Burlington  ,North Carolina
Burlington  ,Vermont
Burnsville  ,Minnesota
Caldwell  ,Idaho
Calexico  ,California
Calumet   ,Illinois
Camarillo  ,California
Cambridge  ,Massachusetts
Camden  ,New Jersey
Campbell  ,California
Canton  ,Ohio
Cape Coral  ,Florida
Cape Girardeau  ,Missouri
Carlsbad  ,California
Carmel  ,Indiana
Carol Stream ,Illinois
Carpentersville,Illinois
Carrollton  ,Texas
Carson  ,California
Carson  ,Nevada
Cary,North Carolina
Casa Grande  ,Arizona
Casper  ,Wyoming
Castle Rock,Colorado
Cathedral   ,California
Cedar Falls  ,Iowa
Cedar Hill  ,Texas
Cedar Park  ,Texas
Cedar Rapids  ,Iowa
Centennial  ,Colorado
Ceres  ,California
Cerritos  ,California
Champaign  ,Illinois
Chandler  ,Arizona
Chapel Hill ,North Carolina
Charleston  ,South Carolina
Charleston  ,West Virginia
Charlotte  ,North Carolina
Charlottesville  ,Virginia
Chattanooga  ,Tennessee
Chelsea  ,Massachusetts
Chesapeake  ,Virginia
Chesterfield  ,Missouri
Cheyenne  ,Wyoming
Chicago  ,Illinois
Chico  ,California
Chicopee  ,Massachusetts
Chino  ,California
Chino Hills  ,California
Chula Vista  ,California
Cicero  ,Illinois
Cincinnati  ,Ohio
Citrus Heights  ,California
Clarksville  ,Tennessee
Clearwater  ,Florida
Cleveland  ,Ohio
Cleveland  ,Tennessee
Cleveland Heights  ,Ohio
Clifton  ,New Jersey
Clovis  ,California
Clovis  ,New Mexico
Coachella  ,California
Coconut Creek  ,Florida
Coeur d'Alene  ,Idaho
College Station  ,Texas
Collierville  ,Tennessee
Colorado Springs  ,Colorado
Colton  ,California
Columbia  ,South Carolina
Columbia  ,Missouri
Columbus  ,Ohio
Columbus  ,Georgia
Columbus  ,Indiana
Commerce   ,Colorado
Compton  ,California
Concord  ,California
Concord  ,North Carolina
Concord  ,New Hampshire
Conroe  ,Texas
Conway  ,Arkansas
Coon Rapids  ,Minnesota
Coppell  ,Texas
Coral Gables  ,Florida
Coral Springs  ,Florida
Corona  ,California
Corpus Christi  ,Texas
Corvallis  ,Oregon
Costa Mesa  ,California
Council Bluffs  ,Iowa
Covina  ,California
Covington  ,Kentucky
Cranston  ,Rhode Island
Crystal Lake  ,Illinois
Culver   ,California
Cupertino  ,California
Cutler Bay  ,Florida
Cuyahoga Falls  ,Ohio
Cypress  ,California
Dallas  ,Texas
Daly   ,California
Danbury  ,Connecticut
Danville  ,Virginia
Danville  ,California
Davenport  ,Iowa
Davie  ,Florida
Davis  ,California
Dayton  ,Ohio
Daytona Beach  ,Florida
Dearborn  ,Michigan
Dearborn Heights  ,Michigan
Decatur  ,Illinois
Decatur  ,Alabama
Deerfield Beach  ,Florida
DeKalb  ,Illinois
Delano  ,California
Delray Beach  ,Florida
Deltona  ,Florida
Denton  ,Texas
Denver  ,Colorado
Des Moines  ,Iowa
Des Plaines  ,Illinois
DeSoto  ,Texas
Detroit  ,Michigan
Diamond Bar  ,California
Doral  ,Florida
Dothan  ,Alabama
Dover  ,Delaware
Downers Grove  ,Illinois
Downey  ,California
Draper  ,Utah
Dublin  ,California
Dublin  ,Ohio
Dubuque  ,Iowa
Duluth  ,Minnesota
Duncanville  ,Texas
Dunwoody  ,Georgia
Durham  ,North Carolina
Eagan  ,Minnesota
East Lansing  ,Michigan
East Orange  ,New Jersey
East Providence  ,Rhode Island
Eastvale  ,California
Eau Claire  ,Wisconsin
Eden Prairie  ,Minnesota
Edina  ,Minnesota
Edinburg  ,Texas
Edmond  ,Oklahoma
Edmonds  ,Washington
El Cajon  ,California
El Centro  ,California
El Monte  ,California
El Paso  ,Texas
Elgin  ,Illinois
Elizabeth  ,New Jersey
Elk Grove  ,California
Elkhart  ,Indiana
Elmhurst  ,Illinois
Elyria  ,Ohio
Encinitas  ,California
Enid  ,Oklahoma
Erie  ,Pennsylvania
Escondido  ,California
Euclid  ,Ohio
Eugene  ,Oregon
Euless  ,Texas
Evanston  ,Illinois
Evansville  ,Indiana
Everett  ,Washington
Everett  ,Massachusetts
Fairfield  ,California
Fairfield  ,Ohio
Fall River  ,Massachusetts
Fargo  ,North Dakota
Farmington  ,New Mexico
Farmington Hills  ,Michigan
Fayetteville  ,North Carolina
Fayetteville  ,Arkansas
Federal Way  ,Washington
Findlay  ,Ohio
Fishers  ,Indiana
Fitchburg  ,Massachusetts
Flagstaff  ,Arizona
Flint  ,Michigan
Florence  ,Alabama
Florence  ,South Carolina
Florissant  ,Missouri
Flower Mound  ,Texas
Folsom  ,California
Fond du Lac  ,Wisconsin
Fontana  ,California
Fort Collins  ,Colorado
Fort Lauderdale  ,Florida
Fort Myers  ,Florida
Fort Pierce  ,Florida
Fort Smith  ,Arkansas
Fort Wayne  ,Indiana
Fort Worth  ,Texas
Fountain Valley  ,California
Franklin  ,Tennessee
Frederick  ,Maryland
Freeport  ,New York
Fremont  ,California
Fresno  ,California
Friendswood  ,Texas
Frisco  ,Texas
Fullerton  ,California
Gainesville  ,Florida
Gaithersburg  ,Maryland
Galveston  ,Texas
Garden Grove  ,California
Gardena  ,California
Garland  ,Texas
Gary  ,Indiana
Gastonia  ,North Carolina
George  ,Texas
German  ,Tennessee
Gilbert  ,Arizona
Gilroy  ,California
Glendale  ,Arizona
Glendale  ,California
Glendora  ,California
Glenview  ,Illinois
Goodyear  ,Arizona
Goose Creek  ,South Carolina
Grand Forks  ,North Dakota
Grand Island  ,Nebraska
Grand Junction  ,Colorado
Grand Prairie  ,Texas
Grand Rapids  ,Michigan
Grapevine  ,Texas
Great Falls  ,Montana
Greeley  ,Colorado
Green Bay  ,Wisconsin
Greenacres  ,Florida
Greenfield  ,Wisconsin
Greensboro  ,North Carolina
Greenville  ,North Carolina
Greenville  ,South Carolina
Greenwood  ,Indiana
Gresham  ,Oregon
Grove   ,Ohio
Gulfport  ,Mississippi
Hackensack  ,New Jersey
Hagers  ,Maryland
Hallandale Beach  ,Florida
Haltom   ,Texas
Hamilton  ,Ohio
Hammond  ,Indiana
Hampton  ,Virginia
Hanford  ,California
Hanover Park  ,Illinois
Harlingen  ,Texas
Harrisburg  ,Pennsylvania
Harrisonburg  ,Virginia
Hartford  ,Connecticut
Hattiesburg  ,Mississippi
Haverhill  ,Massachusetts
Hawthorne  ,California
Hayward  ,California
Hemet  ,California
Hempstead  ,New York
Henderson  ,Nevada
Hendersonville  ,Tennessee
Hesperia  ,California
Hialeah  ,Florida
Hickory  ,North Carolina
High Point  ,North Carolina
Highland  ,California
Hillsboro  ,Oregon
Hilton Head Island   ,South Carolina
Hoboken  ,New Jersey
Hoffman Estates   ,Illinois
Hollywood  ,Florida
Holyoke  ,Massachusetts
Homestead  ,Florida
Honolulu   ,Hawaii
Hoover  ,Alabama
Houston  ,Texas
Huber Heights  ,Ohio
Huntersville   ,North Carolina
Huntington  ,West Virginia
Huntington Beach  ,California
Huntington Park  ,California
Huntsville  ,Alabama
Huntsville  ,Texas
Hurst  ,Texas
Hutchinson  ,Kansas
Idaho Falls  ,Idaho
Independence  ,Missouri
Indianapolis  ,Indiana
Indio  ,California
Inglewood  ,California
Iowa   ,Iowa
Irvine  ,California
Irving  ,Texas
Jackson  ,Mississippi
Jackson  ,Tennessee
Jacksonville  ,Florida
Jacksonville  ,North Carolina
Janesville  ,Wisconsin
Jefferson   ,Missouri
Jeffersonville  ,Indiana
Jersey   ,New Jersey
Johns Creek  ,Georgia
Johnson   ,Tennessee
Joliet  ,Illinois
Jonesboro  ,Arkansas
Joplin  ,Missouri
Jupiter  ,Florida
Jurupa Valley  ,California
Kalamazoo  ,Michigan
Kannapolis  ,North Carolina
Kansas   ,Missouri
Kansas   ,Kansas
Kearny   ,New Jersey
Keizer  ,Oregon
Keller  ,Texas
Kenner  ,Louisiana
Kennewick  ,Washington
Kenosha  ,Wisconsin
Kent  ,Washington
Kentwood  ,Michigan
Kettering  ,Ohio
Killeen  ,Texas
Kingsport  ,Tennessee
Kirkland  ,Washington
Kissimmee  ,Florida
Knoxville  ,Tennessee
Kokomo  ,Indiana
La Crosse  ,Wisconsin
La Habra  ,California
La Mesa  ,California
La Mirada  ,California
La Puente  ,California
La Quinta  ,California
Lacey  ,Washington
Lafayette  ,Louisiana
Lafayette  ,Indiana
Laguna Niguel  ,California
Lake Charles  ,Louisiana
Lake Elsinore  ,California
Lake Forest  ,California
Lake Havasu   ,Arizona
Lake Oswego  ,Oregon
Lakeland  ,Florida
Lakeville  ,Minnesota
Lakewood  ,Colorado
Lakewood  ,California
Lakewood  ,Washington
Lakewood  ,Ohio
Lancaster  ,California
Lancaster  ,Pennsylvania
Lancaster  ,Ohio
Lancaster  ,Texas
Lansing  ,Michigan
Laredo  ,Texas
Largo  ,Florida
Las Cruces  ,New Mexico
Las Vegas  ,Nevada
Lauderhill  ,Florida
Lawrence  ,Kansas
Lawrence  ,Massachusetts
Lawrence  ,Indiana
Lawton  ,Oklahoma
Layton  ,Utah
League   ,Texas
Lee's Summit  ,Missouri
Leesburg   ,Virginia
Lehi  ,Utah
Lenexa  ,Kansas
Leominster  ,Massachusetts
Lewisville  ,Texas
LexingtonFayette  ,Kentucky
Lima  ,Ohio
Lincoln  ,Nebraska
Lincoln  ,California
Lincoln Park  ,Michigan
Linden  ,New Jersey
Little Rock  ,Arkansas
Littleton  ,Colorado
Livermore  ,California
Livonia  ,Michigan
Lodi  ,California
Logan  ,Utah
Lombard   ,Illinois
Lompoc  ,California
Long Beach  ,California
Longmont  ,Colorado
Longview  ,Texas
Lorain  ,Ohio
Los Angeles  ,California
Loveland  ,Colorado
Lowell  ,Massachusetts
Lubbock  ,Texas
Lynchburg  ,Virginia
Lynn  ,Massachusetts
Lynwood  ,California
Macon  ,Georgia
Madera  ,California
Madison  ,Wisconsin
Madison  ,Alabama
Malden  ,Massachusetts
Manassas  ,Virginia
Manchester  ,New Hampshire
Manhattan  ,Kansas
Mankato  ,Minnesota
Mansfield  ,Texas
Mansfield  ,Ohio
Manteca  ,California
Maple Grove  ,Minnesota
Maplewood  ,Minnesota
Marana  ,Arizona
Margate  ,Florida
Maricopa  ,Arizona
Marietta  ,Georgia
Marl  ,Massachusetts
Martinez  ,California
Marysville  ,Washington
McAllen  ,Texas
McKinney  ,Texas
Medford  ,Oregon
Medford  ,Massachusetts
Melbourne  ,Florida
Memphis  ,Tennessee
Menifee  ,California
Mentor  ,Ohio
Merced  ,California
Meriden  ,Connecticut
Meridian  ,Idaho
Meridian  ,Mississippi
Mesa  ,Arizona
Mesquite  ,Texas
Methuen  ,Massachusetts
Miami  ,Florida
Miami Beach  ,Florida
Miami Gardens  ,Florida
Middle  ,Ohio
Middle  ,Connecticut
Midland  ,Texas
Midland  ,Michigan
Midwest   ,Oklahoma
Milford  ,Connecticut
Milpitas  ,California
Milwaukee  ,Wisconsin
Minneapolis  ,Minnesota
Minnetonka  ,Minnesota
Minot  ,North Dakota
Miramar  ,Florida
Mishawaka  ,Indiana
Mission  ,Texas
Mission Viejo  ,California
Missoula  ,Montana
Missouri   ,Texas
Mobile  ,Alabama
Modesto  ,California
Moline  ,Illinois
Monroe  ,Louisiana
Monrovia  ,California
Montclair  ,California
Montebello  ,California
Monterey Park  ,California
Montgomery  ,Alabama
Moore  ,Oklahoma
Moorhead  ,Minnesota
Moreno Valley  ,California
Morgan Hill  ,California
Mount Pleasant   ,South Carolina
Mount Prospect   ,Illinois
Mount Vernon  ,New York
Mountain View  ,California
Muncie  ,Indiana
Murfreesboro  ,Tennessee
Murray  ,Utah
Murrieta  ,California
Muskegon  ,Michigan
Muskogee  ,Oklahoma
Nampa  ,Idaho
Napa  ,California
Naperville  ,Illinois
Nashua  ,New Hampshire
NashvilleDavidson   ,Tennessee
National   ,California
New Bedford  ,Massachusetts
New Berlin  ,Wisconsin
New Braunfels  ,Texas
New Britain  ,Connecticut
New Brunswick  ,New Jersey
New Haven  ,Connecticut
New Orleans  ,Louisiana
New Rochelle  ,New York
New York  ,New York
Newark  ,New Jersey
Newark  ,Ohio
Newark  ,California
Newport Beach  ,California
Newport News  ,Virginia
Newton  ,Massachusetts
Niagara Falls  ,New York
Noblesville  ,Indiana
Norfolk  ,Virginia
Normal  ,Illinois
Norman  ,Oklahoma
North Charleston  ,South Carolina
North Las Vegas  ,Nevada
North Lauderdale  ,Florida
North Little Rock  ,Arkansas
North Miami  ,Florida
North Miami Beach  ,Florida
North Port  ,Florida
North Richland Hills  ,Texas
Northglenn  ,Colorado
Norwalk  ,California
Norwalk  ,Connecticut
Norwich  ,Connecticut
Novato  ,California
Novi  ,Michigan
Oak Lawn   ,Illinois
Oak Park  ,Illinois
Oakland  ,California
Oakland Park  ,Florida
Oakley  ,California
Ocala  ,Florida
Oceanside  ,California
Ocoee  ,Florida
Odessa  ,Texas
O'Fallon  ,Missouri
Ogden  ,Utah
Oklahoma   ,Oklahoma
Olathe  ,Kansas
Olympia  ,Washington
Omaha  ,Nebraska
Ontario  ,California
Orange  ,California
Orem  ,Utah
Orland Park  ,Illinois
Orlando  ,Florida
Ormond Beach  ,Florida
Oro Valley   ,Arizona
Oshkosh  ,Wisconsin
Overland Park  ,Kansas
Owensboro  ,Kentucky
Oxnard  ,California
Pacifica  ,California
Palatine  ,Illinois
Palm Bay  ,Florida
Palm Beach Gardens  ,Florida
Palm Coast  ,Florida
Palm Desert  ,California
Palm Springs  ,California
Palmdale  ,California
Palo Alto  ,California
Panama   ,Florida
Paramount  ,California
Park Ridge  ,Illinois
Parker   ,Colorado
Parma  ,Ohio
Pasadena  ,Texas
Pasadena  ,California
Pasco  ,Washington
Passaic  ,New Jersey
Paterson  ,New Jersey
Pawtucket  ,Rhode Island
Peabody  ,Massachusetts
Peachtree Corners  ,Georgia
Pearland  ,Texas
Pembroke Pines  ,Florida
Pensacola  ,Florida
Peoria  ,Arizona
Peoria  ,Illinois
Perris  ,California
Perth Amboy  ,New Jersey
Petaluma  ,California
Pflugerville  ,Texas
Pharr  ,Texas
Phenix   ,Alabama
Philadelphia  ,Pennsylvania
Phoenix  ,Arizona
Pico Rivera  ,California
Pine Bluff  ,Arkansas
Pinellas Park  ,Florida
Pittsburg  ,California
Pittsburgh  ,Pennsylvania
Pittsfield  ,Massachusetts
Placentia  ,California
Plainfield  ,New Jersey
Plainfield   ,Illinois
Plano  ,Texas
Plantation  ,Florida
Pleasanton  ,California
Plymouth  ,Minnesota
Pocatello  ,Idaho
Pomona  ,California
Pompano Beach  ,Florida
Pontiac  ,Michigan
Port Arthur  ,Texas
Port Orange  ,Florida
Port St. Lucie  ,Florida
Portage  ,Michigan
Porterville  ,California
Portland  ,Oregon
Portland  ,Maine
Portsmouth  ,Virginia
Poway  ,California
Prescott  ,Arizona
Prescott Valley  ,Arizona
Providence  ,Rhode Island
Provo  ,Utah
Pueblo  ,Colorado
Puyallup  ,Washington
Quincy  ,Massachusetts
Quincy  ,Illinois
Racine  ,Wisconsin
Raleigh  ,North Carolina
Rancho Cordova  ,California
Rancho Cucamonga  ,California
Rancho Palos Verdes  ,California
Rancho Santa Margarita  ,California
Rapid   ,South Dakota
Reading  ,Pennsylvania
Redding  ,California
Redlands  ,California
Redmond  ,Washington
Redondo Beach  ,California
Redwood   ,California
Reno  ,Nevada
Renton  ,Washington
Revere  ,Massachusetts
Rialto  ,California
Richardson  ,Texas
Richland  ,Washington
Richmond  ,Virginia
Richmond  ,California
Rio Rancho  ,New Mexico
Riverside  ,California
Riverton  ,Utah
Roanoke  ,Virginia
Rochester  ,New York
Rochester  ,Minnesota
Rochester Hills  ,Michigan
Rock Hill  ,South Carolina
Rock Island  ,Illinois
Rockford  ,Illinois
Rocklin  ,California
Rockville  ,Maryland
Rockwall  ,Texas
Rocky Mount  ,North Carolina
Rogers  ,Arkansas
Rohnert Park  ,California
Romeoville   ,Illinois
Rosemead  ,California
Roseville  ,California
Roseville  ,Michigan
Roswell  ,Georgia
Roswell  ,New Mexico
Round Rock  ,Texas
Rowlett  ,Texas
Roy  ,Utah
Royal Oak  ,Michigan
Sacramento  ,California
Saginaw  ,Michigan
Salem  ,Oregon
Salem  ,Massachusetts
Salina  ,Kansas
Salinas  ,California
Salt Lake   ,Utah
Sammamish  ,Washington
San Angelo  ,Texas
San Antonio  ,Texas
San Bernardino  ,California
San Bruno  ,California
San Buenaventura (Ventura)  ,California
San Clemente  ,California
San Diego  ,California
San Francisco  ,California
San Gabriel  ,California
San Jacinto  ,California
San Jose  ,California
San Leandro  ,California
San Luis Obispo  ,California
San Marcos  ,California
San Marcos  ,Texas
San Mateo  ,California
San Rafael  ,California
San Ramon  ,California
Sandy  ,Utah
Sandy Springs  ,Georgia
Sanford  ,Florida
Santa Ana  ,California
Santa Barbara  ,California
Santa Clara  ,California
Santa Clarita  ,California
Santa Cruz  ,California
Santa Fe  ,New Mexico
Santa Maria  ,California
Santa Monica  ,California
Santa Rosa  ,California
Santee  ,California
Sarasota  ,Florida
Savannah  ,Georgia
Sayreville   ,New Jersey
Schaumburg  ,Illinois
Schenectady  ,New York
Scottsdale  ,Arizona
Scranton  ,Pennsylvania
Seattle  ,Washington
Shakopee  ,Minnesota
Shawnee  ,Kansas
Sheboygan  ,Wisconsin
Shelton  ,Connecticut
Sherman  ,Texas
Shoreline  ,Washington
Shreveport  ,Louisiana
Sierra Vista  ,Arizona
Simi Valley  ,California
Sioux   ,Iowa
Sioux Falls  ,South Dakota
Skokie  ,Illinois
Smyrna  ,Georgia
Smyrna  ,Tennessee
Somerville  ,Massachusetts
South Bend  ,Indiana
South Gate  ,California
South Jordan  ,Utah
South San Francisco  ,California
Southaven  ,Mississippi
Southfield  ,Michigan
Spanish Fork  ,Utah
Sparks  ,Nevada
Spartanburg  ,South Carolina
Spokane  ,Washington
Spokane Valley  ,Washington
Springdale  ,Arkansas
Springfield  ,Missouri
Springfield  ,Massachusetts
Springfield  ,Illinois
Springfield  ,Oregon
Springfield  ,Ohio
St. Charles  ,Missouri
St. Clair Shores  ,Michigan
St. Cloud  ,Minnesota
St. Cloud  ,Florida
St. George  ,Utah
St. Joseph  ,Missouri
St. Louis  ,Missouri
St. Louis Park  ,Minnesota
St. Paul  ,Minnesota
St. Peters  ,Missouri
St. Petersburg  ,Florida
Stamford  ,Connecticut
Stanton  ,California
State College  ,Pennsylvania
Sterling Heights  ,Michigan
Stillwater  ,Oklahoma
Stockton  ,California
Streamwood  ,Illinois
Strongsville  ,Ohio
Suffolk  ,Virginia
Sugar Land  ,Texas
Summerville  ,South Carolina
Sumter  ,South Carolina
Sunnyvale  ,California
Sunrise  ,Florida
Surprise  ,Arizona
Syracuse  ,New York
Tacoma  ,Washington
Tallahassee  ,Florida
Tamarac  ,Florida
Tampa  ,Florida
Taunton  ,Massachusetts
Taylor  ,Michigan
Taylorsville  ,Utah
Temecula  ,California
Tempe  ,Arizona
Temple  ,Texas
Terre Haute  ,Indiana
Texarkana  ,Texas
Texas   ,Texas
The Colony  ,Texas
Thornton  ,Colorado
Thousand Oaks  ,California
Tigard  ,Oregon
Tinley Park  ,Illinois
Titusville  ,Florida
Toledo  ,Ohio
Topeka  ,Kansas
Torrance  ,California
Tracy  ,California
Trenton  ,New Jersey
Troy  ,Michigan
Troy  ,New York
Tucson  ,Arizona
Tulare  ,California
Tulsa  ,Oklahoma
Turlock  ,California
Tuscaloosa  ,Alabama
Tustin  ,California
Twin Falls  ,Idaho
Tyler  ,Texas
Union   ,California
Union   ,New Jersey
Upland  ,California
Urbana  ,Illinois
Urbandale  ,Iowa
Utica  ,New York
Vacaville  ,California
Valdosta  ,Georgia
Vallejo  ,California
Valley Stream  ,New York
Vancouver  ,Washington
Victoria  ,Texas
Victorville  ,California
Vineland  ,New Jersey
Virginia Beach  ,Virginia
Visalia  ,California
Vista  ,California
Waco  ,Texas
Walnut Creek  ,California
Waltham  ,Massachusetts
Warner Robins  ,Georgia
Warren  ,Michigan
Warren  ,Ohio
Warwick  ,Rhode Island
Washington  ,District of Columbia
Waterbury  ,Connecticut
Waterloo  ,Iowa
Watsonville  ,California
Waukegan  ,Illinois
Waukesha  ,Wisconsin
Wausau  ,Wisconsin
Wauwatosa  ,Wisconsin
Wellington  ,Florida
Weslaco  ,Texas
West Allis  ,Wisconsin
West Covina  ,California
West Des Moines  ,Iowa
West Haven  ,Connecticut
West Jordan  ,Utah
West New York  ,New Jersey
West Palm Beach  ,Florida
West Sacramento  ,California
West Valley   ,Utah
Westerville  ,Ohio
Westfield  ,Massachusetts
Westland  ,Michigan
Westminster  ,Colorado
Westminster  ,California
Weston  ,Florida
Weymouth   ,Massachusetts
Wheaton  ,Illinois
Wheeling  ,Illinois
White Plains  ,New York
Whittier  ,California
Wichita  ,Kansas
Wichita Falls  ,Texas
WilkesBarre  ,Pennsylvania
Wilmington  ,North Carolina
Wilmington  ,Delaware
Wilson  ,North Carolina
WinstonSalem  ,North Carolina
Winter Garden  ,Florida
Woburn  ,Massachusetts
Woodbury  ,Minnesota
Woodland  ,California
Woonsocket  ,Rhode Island
Worcester  ,Massachusetts
Wylie  ,Texas
Wyoming  ,Michigan
Yakima  ,Washington
Yonkers  ,New York
Yorba Linda  ,California
York  ,Pennsylvania
Youngs  ,Ohio
Yuba   ,California
Yucaipa  ,California
Yuma  ,Arizona
Los Banos  ,California
Portage  ,Indiana
New Albany  ,Indiana
Marion  ,Ohio
Braintree Town  ,Massachusetts
Oviedo  ,Florida
Hollister  ,California
Gadsden  ,Alabama
Longview  ,Washington
Reynoldsburg  ,Ohio
Lynnwood  ,Washington
Delaware  ,Ohio
Lewiston  ,Maine
Richmond  ,Indiana
Franklin  ,Wisconsin
Goldsboro  ,North Carolina
Royal Palm Beach  ,Florida
Bartlesville  ,Oklahoma
Richfield  ,Minnesota
Marion  ,Iowa
Temple   ,California
Plant   ,Florida
Lufkin  ,Texas
Hobbs  ,New Mexico
Fort Lee  ,New Jersey
Lake Worth  ,Florida
Rome  ,Georgia
Bell  ,California
Schertz  ,Texas
Menomonee Falls  ,Wisconsin
Milton  ,Georgia
Leavenworth  ,Kansas
San Juan Capistrano  ,California
Tupelo  ,Mississippi
Claremont  ,California
Wildwood  ,Missouri
Manhattan Beach  ,California
Brighton  ,Colorado
Dunedin  ,Florida
Hot Springs  ,Arkansas
Merrillville  town,Indiana
Torrington  ,Connecticut
San Juan  ,Texas
Del Rio  ,Texas
Bothell  ,Washington
Columbia  ,Tennessee
Gainesville  ,Georgia
Winter Haven  ,Florida
East Point  ,Georgia
Indian Trail  town,North Carolina
Cottage Grove  ,Minnesota
West Hollywood  ,California
Prattville  ,Alabama
Moorpark  ,California
University   ,Missouri
Grants Pass  ,Oregon
Oak Creek  ,Wisconsin
Pleasant Grove  ,Utah
Olive Branch  ,Mississippi
Roseville  ,Minnesota
Peachtree   ,Georgia
Mooresville  town,North Carolina
Newnan  ,Georgia
Stow  ,Ohio
Wake Forest  town,North Carolina
Bettendorf  ,Iowa
Beverly Hills  ,California
La Porte  ,Texas
Oregon   ,Oregon
Glendale Heights  ,Illinois
Brunswick  ,Ohio
Norristown  ,Pennsylvania
Bay   ,Michigan
Upper Arlington  ,Ohio
Inver Grove Heights  ,Minnesota
Cottonwood Heights  ,Utah
Hinesville  ,Georgia
Cooper   ,Florida
Pleasant Hill  ,California
Seaside  ,California
Pekin  ,Illinois
La Vergne  ,Tennessee
Dana Point  ,California
Lauderdale Lakes  ,Florida
Gahanna  ,Ohio
Chester  ,Pennsylvania
Houma  ,Louisiana
Vestavia Hills  ,Alabama
Monroe  ,North Carolina
Winter Springs  ,Florida
Nacogdoches  ,Texas
Butte-Silver Bow ,Montana
San Dimas  ,California
Wildomar  ,California
Salisbury  ,North Carolina
Northbrook  ,Illinois
Issaquah  ,Washington
Long Beach  ,New York
Holland  ,Michigan
Jackson  ,Michigan
Elk Grove   ,Illinois
Dalton  ,Georgia
Woodridge  ,Illinois
Westfield  ,Indiana
Manitowoc  ,Wisconsin
St. Charles  ,Illinois
Riviera Beach  ,Florida
Deer Park  ,Texas
Lawndale  ,California
Fairborn  ,Ohio
Greenville  ,Mississippi
Rosenberg  ,Texas
Benton  ,Arkansas
McMinnville  ,Oregon
Copperas Cove  ,Texas
Menlo Park  ,California
El Mirage  ,Arizona
Fair Lawn  ,New Jersey
Watertown Town  ,Massachusetts
Leawood  ,Kansas
Rome  ,New York
Little Elm  ,Texas
Wenatchee  ,Washington
Bangor  ,Maine
Juneau  and  ,Alaska
Eastpointe  ,Michigan
Mount Vernon  ,Washington
Hopkinsville  ,Kentucky
Franklin Town  ,Massachusetts
Spring Hill  ,Tennessee
Richmond  ,Kentucky
Newark  ,Delaware
Petersburg  ,Virginia
Danville  ,Illinois
Socorro  ,Texas
Wentzville  ,Missouri
Owasso  ,Oklahoma
Westlake  ,Ohio
Lewiston  ,Idaho
Bethel Park  muni,Pennsylvania
Foster   ,California
Spring Valley  ,New York
Kent  ,Ohio
Tooele  ,Utah
Fairbanks  ,Alaska
Gallatin  ,Tennessee
North Olmsted  ,Ohio
Valparaiso  ,Indiana
Goshen  ,Indiana
Massillon  ,Ohio
Oswego  ,Illinois
Kearney  ,Nebraska
University Place  ,Washington
Kennesaw  ,Georgia
Douglasville  ,Georgia
La Verne  ,California
Walla Walla  ,Washington
Laramie  ,Wyoming
Bowling Green  ,Ohio
Gillette  ,Wyoming
Kyle  ,Texas
Leander  ,Texas
Andover  ,Minnesota
Naugatuck  ,Connecticut
Galesburg  ,Illinois
Farmers Branch  ,Texas
Waxahachie  ,Texas
West Bend  ,Wisconsin
Englewood  ,Colorado
Salisbury  ,Maryland
Michigan   ,Indiana
Florence  ,Kentucky
Pullman  ,Washington
Mundelein  ,Illinois
Alamogordo  ,New Mexico
Alabaster  ,Alabama
Adelanto  ,California
Gurnee  ,Illinois
Mason  ,Ohio
College Park  ,Maryland
North Ridgeville  ,Ohio
Springville  ,Utah
Garfield  ,New Jersey
Parkersburg  ,West Virginia
San Luis  ,Arizona
Cookeville  ,Tennessee
North Tonawanda  ,New York
Hilliard  ,Ohio
Shawnee  ,Oklahoma
Wheat Ridge  ,Colorado
Saratoga  ,California
Laguna Hills  ,California
West Lafayette  ,Indiana
Georgetown  ,Kentucky
Sun Prairie  ,Wisconsin
El Paso de Robles (Paso Robles)  ,California
Westfield  town,New Jersey
New Iberia  ,Louisiana
Midvale  ,Utah
Jamestown  ,New York
Dania Beach  ,Florida
Brooklyn Center  ,Minnesota
Des Moines  ,Washington
Morgantown  ,West Virginia
Poughkeepsie  ,New York
Miami Lakes   ,Florida
Goleta  ,California
Ithaca  ,New York
Dover  ,New Hampshire
Banning  ,California
Ballwin  ,Missouri
Algonquin  ,Illinois
Clearfield  ,Utah
LaGrange  ,Georgia
Chicago Heights  ,Illinois
Los Gatos   ,California
Long Branch  ,New Jersey
North Royalton  ,Ohio
Aiken  ,South Carolina
New Bern  ,North Carolina
Madison Heights  ,Michigan
Plainfield  ,Indiana
Liberty  ,Missouri
Santa Paula  ,California
Walnut  ,California
Sherwood  ,Arkansas
North Chicago  ,Illinois
Clermont  ,Florida
Niles  ,Illinois
Texarkana  ,Arkansas
Los Altos  ,California
Lake Stevens  ,Washington
Elizabethtown  ,Kentucky
Statesboro  ,Georgia
Highland Park  ,Illinois
Burlingame  ,California
West Fargo  ,North Dakota
Lawrenceville  ,Georgia
Oak Park  ,Michigan
Cleburne  ,Texas
Rochester  ,New Hampshire
San Pablo  ,California
Queen Creek  ,Arizona
Helena  ,Montana
Marion  ,Indiana
Raytown  ,Missouri
Southgate  ,Michigan
Sanford  ,North Carolina
Oak Ridge  ,Tennessee
Port Chester  ,New York
Gloucester  ,Massachusetts
San Carlos  ,California
Matthews   ,North Carolina
Granite   ,Illinois
Post Falls  ,Idaho
Williamsport  ,Pennsylvania
Port Huron  ,Michigan
Morristown  ,Tennessee
East Chicago  ,Indiana
Burbank  ,Illinois
Winter Park  ,Florida
Burton  ,Michigan
Myrtle Beach  ,South Carolina
Cedar   ,Utah
O'Fallon  ,Illinois
East Palo Alto  ,California
Atascadero  ,California
Schererville   ,Indiana
Princeton ,New Jersey
Lake in the Hills  ,Illinois
Holly Springs  ,North Carolina
Elmira  ,New York
Kaysville  ,Utah
Henderson  ,Kentucky
Suisun   ,California
Atwater  ,California
Jacksonville  ,Arkansas
Nicholasville  ,Kentucky
Millville  ,New Jersey
Agawam Town  ,Massachusetts
West Springfield Town  ,Massachusetts
Savage  ,Minnesota
Opelika  ,Alabama
Ridgecrest  ,California
Russellville  ,Arkansas
Hobart  ,Indiana
Lansing  ,Illinois
Northampton  ,Massachusetts
Newburgh  ,New York
Crown Point  ,Indiana
Lebanon  ,Tennessee
Duluth  ,Georgia
Monroeville   ,Pennsylvania
Rahway  ,New Jersey
Kingman  ,Arizona
Garfield Heights  ,Ohio
Monterey  ,California
DeLand  ,Florida
Southlake  ,Texas
Mount Juliet  ,Tennessee
Oak Forest  ,Illinois
Harker Heights  ,Texas
Dodge   ,Kansas
Fredericksburg  ,Virginia
Big Spring  ,Texas
Round Lake Beach  ,Illinois
Wheeling  ,West Virginia
Harrison  ,New York
Maryville  ,Tennessee
Shaker Heights  ,Ohio
Desert Hot Springs  ,California
SeaTac  ,Washington
Marshalltown  ,Iowa
Watertown  ,New York
American Fork  ,Utah
Middletown  ,New York
Oakdale  ,Minnesota
Enterprise  ,Alabama
Glen Ellyn  ,Illinois
Maywood  ,California
Central  ,Louisiana
Eagle Pass  ,Texas
Mason   ,Iowa
Melrose  ,Massachusetts
Allen Park  ,Michigan
Fridley  ,Minnesota
Carlsbad  ,New Mexico
Bella Vista   ,Arkansas
Benicia  ,California
Kirkwood  ,Missouri
West Chicago  ,Illinois
Winona  ,Minnesota
New London  ,Connecticut
Englewood  ,New Jersey
Slidell  ,Louisiana
Plum  ,Pennsylvania
Frankfort  ,Kentucky
Maryland Heights  ,Missouri
Redmond  ,Oregon
Lake Jackson  ,Texas
Auburn  ,New York
Wilmette  ,Illinois
Aberdeen  ,South Dakota
Saratoga Springs  ,New York
Alton  ,Illinois
Lindenhurst  ,New York
Fountain  ,Colorado
Stockbridge  ,Georgia
Windsor   ,California
Winchester  ,Virginia
Glen Cove  ,New York
Bergenfield  ,New Jersey
Greer  ,South Carolina
Garden   ,Michigan
Holladay  ,Utah
Kankakee  ,Illinois
Paragould  ,Arkansas
Easton  ,Pennsylvania
Imperial Beach  ,California
Bessemer  ,Alabama
Jeffersontown  ,Kentucky
Weatherford  ,Texas
Anderson  ,South Carolina
Thomasville  ,North Carolina
Garden   ,Kansas
Norco  ,California
Eureka  ,California
Cornelius   ,North Carolina
Woodstock  ,Georgia
Tualatin  ,Oregon
Sahuarita   ,Arizona
Superior  ,Wisconsin
Lafayette  ,Colorado
Garner   ,North Carolina
Belmont  ,California
McHenry  ,Illinois
Paramus  ,New Jersey
Stevens Point  ,Wisconsin
Seguin  ,Texas
Horn Lake  ,Mississippi
Bristol  ,Tennessee
East St. Louis  ,Illinois
Medina  ,Ohio
Casselberry  ,Florida
Rexburg  ,Idaho
Parkland  ,Florida
Clinton  ,Iowa
Batavia  ,Illinois
Wooster  ,Ohio
Fitchburg  ,Wisconsin
Carbondale  ,Illinois
Herriman  ,Utah
Fremont  ,Nebraska
Barberton  ,Ohio
Kingsville  ,Texas
Paradise   ,California
Pearl  ,Mississippi
Mount Pleasant  ,Wisconsin
Mount Pleasant  ,Michigan
Gladstone  ,Missouri
Lemon Grove  ,California
Independence  ,Kentucky
West Linn  ,Oregon
South Pasadena  ,California
Wasco  ,California
Green  ,Ohio
Shoreview  ,Minnesota
Greenville  ,Texas
Asheboro  ,North Carolina
Neenah  ,Wisconsin
Xenia  ,Ohio
Soledad  ,California
Laurel  ,Maryland
Syracuse  ,Utah
Twentynine Palms  ,California
Homewood  ,Alabama
Burlington  ,Iowa
Hazelwood  ,Missouri
Rockledge  ,Florida
Vernon Hills  ,Illinois
Brawley  ,California
Key West  ,Florida
Owatonna  ,Minnesota
West Memphis  ,Arkansas
Lebanon  ,Pennsylvania
Melrose Park  ,Illinois
Troy  ,Ohio
Zanesville  ,Ohio
Cabot  ,Arkansas
Statesville  ,North Carolina
Florence   ,Arizona
Junction   ,Kansas
Ossining  ,New York
Harvey  ,Illinois
Ridgewood  ,New Jersey
Sandusky  ,Ohio
Belvidere  ,Illinois
Grandview  ,Missouri
Clinton  ,Mississippi
Madison  ,Mississippi
Salem  ,Virginia
Huntley  ,Illinois
South Portland  ,Maine
Bridgeton  ,New Jersey
Wyandotte  ,Michigan
Cliffside Park  ,New Jersey
Temple Terrace  ,Florida
Woodstock  ,Illinois
Carrollton  ,Georgia
Zionsville   ,Indiana
Riverside  ,Ohio
Hastings  ,Nebraska
Hazleton  ,Pennsylvania
Collinsville  ,Illinois
Alvin  ,Texas
Lafayette  ,California
Freeport  ,Illinois
Balch Springs  ,Texas
Lockport  ,Illinois
Paducah  ,Kentucky
Reedley  ,California
Elmwood Park  ,Illinois
Westmont  ,Illinois
Lemoore  ,California
New Lenox  ,Illinois
Ardmore  ,Oklahoma
Ramsey  ,Minnesota
Paris  ,Texas
Ponca   ,Oklahoma
Inkster  ,Michigan
Hercules  ,California
Ottumwa  ,Iowa
Yukon  ,Oklahoma
Maple Valley  ,Washington
Emporia  ,Kansas
Starkville  ,Mississippi
Austin  ,Minnesota
Caledonia  ,Wisconsin
South Salt Lake  ,Utah
Sanger  ,California
Edwardsville  ,Illinois
Fort Dodge  ,Iowa
Seal Beach  ,California
White Bear Lake  ,Minnesota
Muskego  ,Wisconsin
Mint Hill   ,North Carolina
Moscow  ,Idaho
North Platte  ,Nebraska
Mauldin  ,South Carolina
Norfolk  ,Nebraska
Lodi  ,New Jersey
Marshall  ,Texas
Colleyville  ,Texas
Northport  ,Alabama
Galt  ,California
Herndon  ,Virginia
Chaska  ,Minnesota
Chanhassen  ,Minnesota
Ridgeland  ,Mississippi
Prior Lake  ,Minnesota
Woodburn  ,Oregon
San Benito  ,Texas
De Pere  ,Wisconsin
Staunton  ,Virginia
Palmetto Bay  ,Florida
Zion  ,Illinois
Homer Glen  ,Illinois
El Cerrito  ,California
Rolling Meadows  ,Illinois
Walker  ,Michigan
Trotwood  ,Ohio
San Fernando  ,California
Eagle Mountain  ,Utah
Franklin  ,Indiana
Watauga  ,Texas
Selma  ,California
Canton  ,Georgia
Maywood  ,Illinois
Calabasas  ,California
Rock Springs  ,Wyoming
Athens  ,Ohio
Rockville Centre  ,New York
Cudahy  ,California
Mercer Island  ,Washington
Newport  ,Rhode Island
Athens  ,Alabama
Norton Shores  ,Michigan
Carteret  ,New Jersey
University Park  ,Texas
Peekskill  ,New York
Fairfax  ,Virginia
Centerville  ,Ohio
Corsicana  ,Texas
Watertown  ,Wisconsin
Cibolo  ,Texas
Tarpon Springs  ,Florida
Champlin  ,Minnesota
Blue Island  ,Illinois
South Plainfield  ,New Jersey
Searcy  ,Arkansas
Greenbelt  ,Maryland
Kingston  ,New York
Loma Linda  ,California
Loves Park  ,Illinois
Daphne  ,Alabama
Kernersville   ,North Carolina
Vicksburg  ,Mississippi
Morton Grove  ,Illinois
Romulus  ,Michigan
Columbus  ,Mississippi
Coronado  ,California
Riverbank  ,California
East Peoria  ,Illinois
Elk River  ,Minnesota
Keene  ,New Hampshire
Faribault  ,Minnesota
Duncan  ,Oklahoma
Greenwood  ,South Carolina
Dinuba  ,California
Griffin  ,Georgia
Mequon  ,Wisconsin
Dolton  ,Illinois
Corcoran  ,California
Highland   ,Indiana
Munster  ,Indiana
Laguna Beach  ,California
Fountain Hills  ,Arizona
New Smyrna Beach  ,Florida
Bixby  ,Oklahoma
Barstow  ,California
Machesney Park  ,Illinois
Webster Groves  ,Missouri
Bainbridge Island  ,Washington
Belton  ,Missouri
Brownsburg   ,Indiana
Solon  ,Ohio
Radcliff  ,Kentucky
Van Buren  ,Arkansas
Derby  ,Kansas
Muscatine  ,Iowa
Roselle  ,Illinois
Avon Lake  ,Ohio
Auburn  ,Maine
Brookings  ,South Dakota
McDonough  ,Georgia
Denison  ,Texas
Crestview  ,Florida
Maple Heights  ,Ohio
Lisle  ,Illinois
Saratoga Springs  ,Utah
New Castle  ,Pennsylvania
Sebastian  ,Florida
Rosemount  ,Minnesota
Anniston  ,Alabama
Kerrville  ,Texas
Hialeah Gardens  ,Florida
Crystal  ,Minnesota
Pottstown  ,Pennsylvania
Garden   ,New York
Columbus  ,Nebraska
Newberg  ,Oregon
Brandon  ,Mississippi
Hudson  ,Ohio
Willoughby  ,Ohio
Hastings  ,Minnesota
Millbrae  ,California
Forest Grove  ,Oregon
Prichard  ,Alabama
Marysville  ,Ohio
Darien  ,Illinois
Bloomingdale  ,Illinois
Pelham  ,Alabama
Ruston  ,Louisiana
Gallup  ,New Mexico
Pascagoula  ,Mississippi
North Augusta  ,South Carolina
Alliance  ,Ohio
Benbrook  ,Texas
South Elgin  ,Illinois
South Holland  ,Illinois
Farmington  ,Minnesota
Hopewell  ,Virginia
Port Hueneme  ,California
Oak Harbor  ,Washington
Hamtramck  ,Michigan
Villa Park  ,Illinois
New Brighton  ,Minnesota
North Plainfield  ,New Jersey
Park Forest  ,Illinois
Sachse  ,Texas
Avon  ,Ohio
La Porte  ,Indiana
Watertown  ,South Dakota
Del   ,Oklahoma
Summit  ,New Jersey
Roseburg  ,Oregon
South Euclid  ,Ohio
Charleston  ,Illinois
Morrisville   ,North Carolina
Papillion  ,Nebraska
Chillicothe  ,Ohio
Kiryas Joel  ,New York
Prairie   ,Kansas
Washington  ,Utah
Plainview  ,Texas
Wadsworth  ,Ohio
Clarksville   ,Indiana
Jacksonville Beach  ,Florida
Lumberton  ,North Carolina
Auburn Hills  ,Michigan
Duarte  ,California
Sunny Isles Beach  ,Florida
Geneva  ,Illinois
Eagle  ,Idaho
Kinston  ,North Carolina
Kenmore  ,Washington
Farmington  ,Utah
Albertville  ,Alabama
Christiansburg   ,Virginia
Sedalia  ,Missouri
Marquette  ,Michigan
Haines   ,Florida
Wilsonville  ,Oregon
Acworth  ,Georgia
Oxford  ,Ohio
Oakdale  ,California
Roselle  ,New Jersey
Portsmouth  ,New Hampshire
Ashland  ,Kentucky
Farragut   ,Tennessee
South Lake Tahoe  ,California
East Ridge  ,Tennessee
Perrysburg  ,Ohio
Moses Lake  ,Washington
East Moline  ,Illinois
Biddeford  ,Maine
Fuquay-Varina   ,North Carolina
Waynesboro  ,Virginia
Saginaw  ,Texas
Venice  ,Florida
Greenfield  ,Indiana
South Milwaukee  ,Wisconsin
Oxford  ,Alabama
Klamath Falls  ,Oregon
Pooler  ,Georgia
Leesburg  ,Florida
Arnold  ,Missouri
Yucca Valley   ,California
Ferguson  ,Missouri
Grayslake  ,Illinois
Hays  ,Kansas
Sidney  ,Ohio
Kalispell  ,Montana
Liberal  ,Kansas
Havelock  ,North Carolina
Edgewater  ,Florida
Clinton  ,Utah
Carrboro   ,North Carolina
Camas  ,Washington
Palm Springs  ,Florida
Lockport  ,New York
Patterson  ,California
Oxford  ,Mississippi
Lino Lakes  ,Minnesota
Adrian  ,Michigan
Mukilteo  ,Washington
Williston  ,North Dakota
Golden Valley  ,Minnesota
Sapulpa  ,Oklahoma
Dickinson  ,North Dakota
New Hope  ,Minnesota
Crest Hill  ,Illinois
Shelbyville  ,Tennessee
Ashland  ,Oregon
Piqua  ,Ohio
Agoura Hills  ,California
Mountlake Terrace  ,Washington
Corinth  ,Texas
Fort Walton Beach  ,Florida
Lomita  ,California
Northfield  ,Minnesota
Sweetwater  ,Florida
La Cañada Flintridge  ,California
Naples  ,Florida
Pleasantville  ,New Jersey
Milwaukie  ,Oregon
Chambersburg  ,Pennsylvania
Birmingham  ,Michigan
Lebanon  ,Ohio
Gardner  ,Kansas
Union   ,Georgia
Nogales  ,Arizona
Cumberland  ,Maryland
Parma Heights  ,Ohio
South St. Paul  ,Minnesota
Libertyville  ,Illinois
Portsmouth  ,Ohio
Windsor   ,Colorado
Monroe  ,Michigan
Johnstown  ,Pennsylvania
Pittsburg  ,Kansas
South El Monte  ,California
Marina  ,California
Trussville  ,Alabama
Mountain Brook  ,Alabama
Gardner  ,Massachusetts
Hammond  ,Louisiana
Ashland  ,Ohio
Shelby  ,North Carolina
Converse  ,Texas
Easley  ,South Carolina
Arvin  ,California
Palisades Park  ,New Jersey
Ferndale  ,Michigan
Murrysville  ,Pennsylvania
West Mifflin  ,Pennsylvania
Oregon  ,Ohio
American Canyon  ,California
Nixa  ,Missouri
Pleasant Prairie  ,Wisconsin
Sulphur  ,Louisiana
Sugar Hill  ,Georgia
Miamisburg  ,Ohio
Elmwood Park  ,New Jersey
Coralville  ,Iowa
Decatur  ,Georgia
Elko  ,Nevada
Cartersville  ,Georgia
Rocky River  ,Ohio
Lake Zurich  ,Illinois
Evergreen Park  ,Illinois
Evans  ,Colorado
Painesville  ,Ohio
Warrensburg  ,Missouri
Selma  ,Alabama
Plattsburgh  ,New York
Midlothian  ,Texas
Mandan  ,North Dakota
Blythe  ,California
Rolla  ,Missouri
Baldwin  ,Pennsylvania
Ypsilanti  ,Michigan
Hermosa Beach  ,California
Johnston  ,Iowa
Madisonville  ,Kentucky
Germantown  ,Wisconsin
Tukwila  ,Washington
West St. Paul  ,Minnesota
Raymore  ,Missouri
Hutto  ,Texas
Erie  town,Colorado
Willmar  ,Minnesota
Columbia Heights  ,Minnesota
West Melbourne  ,Florida
McKeesport  ,Pennsylvania
Lathrop  ,California
Simpsonville  ,South Carolina
Middletown   ,Delaware
Hanahan  ,South Carolina
Altus  ,Oklahoma
Louisville  ,Colorado
Lexington  ,South Carolina
Alice  ,Texas
Belton  ,Texas
Bethany  ,Oklahoma
Weirton  ,West Virginia
Murphy  ,Texas
Lynbrook  ,New York
Alsip  ,Illinois
DeBary  ,Florida
Homewood  ,Illinois
Central Falls  ,Rhode Island
Golden  ,Colorado
Universal   ,Texas
Lynn Haven  ,Florida
Lake Forest  ,Illinois
Bryant  ,Arkansas
Sand Springs  ,Oklahoma
Broadview Heights  ,Ohio
Clemmons  ,North Carolina
Conway  ,South Carolina
Dickinson  ,Texas
Macomb  ,Illinois
Milledgeville  ,Georgia
Shelbyville  ,Indiana
Snellville  ,Georgia
Mamaroneck  ,New York
Jacksonville  ,Illinois
Eustis  ,Florida
Fernley  ,Nevada
Albany  ,California
Port Angeles  ,Washington
Mokena  ,Illinois
Bellwood  ,Illinois
Payson  ,Utah
Matteson  ,Illinois
Forest Lake  ,Minnesota
Montgomery  ,Illinois
Newton  ,Kansas
Mustang  ,Oklahoma
Pickerington  ,Ohio
Cortland  ,New York
Norwood  ,Ohio
Pinecrest  ,Florida
Brookfield  ,Illinois
Claremore  ,Oklahoma
Ansonia  ,Connecticut
Berea  ,Ohio
Montrose  ,Colorado
Horizon   ,Texas
Lexington  ,North Carolina
Angleton  ,Texas
Hawthorne  ,New Jersey
Brook Park  ,Ohio
Laurel  ,Mississippi
West Chester  ,Pennsylvania
Alamo  ,Texas
Brownwood  ,Texas
Dixon  ,California
Mineola  ,New York
Glassboro  ,New Jersey
Mayfield Heights  ,Ohio
Sylvania  ,Ohio
Carlisle  ,Pennsylvania
Niles  ,Ohio
Orange  ,Texas
Troy  ,Alabama
Pinole  ,California
Sherwood  ,Oregon
Saco  ,Maine
Seymour  ,Indiana
Twinsburg  ,Ohio
Tullahoma  ,Tennessee
Covington  ,Washington
Mill Creek  ,Washington
Fairmont  ,West Virginia
Augusta  ,Maine
Forest Park  ,Georgia
Marshfield  ,Wisconsin
Forest Park  ,Ohio
Thomasville  ,Georgia
Ennis  ,Texas
Orinda  ,California
Stillwater  ,Minnesota
Ashtabula  ,Ohio
Howard  ,Wisconsin
Jenks  ,Oklahoma
Arlington  ,Washington
Westminster  ,Maryland
Palestine  ,Texas
South Burlington  ,Vermont
Ozark  ,Missouri
Bourbonnais  ,Illinois
Ottawa  ,Illinois
Stephenville  ,Texas
Gautier  ,Mississippi
El Dorado  ,Arkansas
Bensenville  ,Illinois
Morristown  ,New Jersey
Erlanger  ,Kentucky
Point Pleasant  ,New Jersey
Tumwater  ,Washington
Whitehall  ,Ohio
Trenton  ,Michigan
Round Lake  ,Illinois
Brigham   ,Utah
Franklin Park  ,Illinois
Eastlake  ,Ohio
Middleton  ,Wisconsin
Pampa  ,Texas
Winchester  ,Kentucky
Mattoon  ,Illinois
Dover  town,New Jersey
Ellensburg  ,Washington
Rutherford  ,New Jersey
Steubenville  ,Ohio
Cudahy  ,Wisconsin
Onalaska  ,Wisconsin
Secaucus   ,New Jersey
Battle Ground  ,Washington
McAlester  ,Oklahoma
Deerfield  ,Illinois
Bonney Lake  ,Washington
Natchitoches  ,Louisiana
Elizabeth   ,North Carolina
Boone   ,North Carolina
Amsterdam  ,New York
Manchester  ,Missouri
Frankfort  ,Illinois
Stafford  ,Texas
Oswego  ,New York
Winthrop Town  ,Massachusetts
Murray  ,Kentucky
Vincennes  ,Indiana
Hyattsville  ,Maryland
Lenoir  ,North Carolina
Wisconsin Rapids  ,Wisconsin
Logansport  ,Indiana
Hopkins  ,Minnesota
Cary  ,Illinois
North Ogden  ,Utah
Bartow  ,Florida
Tinton Falls  ,New Jersey
Lackawanna  ,New York
Hannibal  ,Missouri
Godfrey  ,Illinois
Albert Lea  ,Minnesota
Creve Coeur  ,Missouri
Springboro  ,Ohio
El Reno  ,Oklahoma
St. Matthews  ,Kentucky
Bellaire  ,Texas
Belle Glade  ,Florida
Tiffin  ,Ohio
Seminole  ,Florida
Sheridan  ,Wyoming
Gretna  ,Louisiana
Newburyport  ,Massachusetts
Rancho Mirage  ,California
Farmington  ,Missouri
Dumont  ,New Jersey
St. Marys  ,Georgia
Westbrook  ,Maine
Yorkville  ,Illinois
Maumelle  ,Arkansas
Monroe  ,Washington
Takoma Park  ,Maryland
Arroyo Grande  ,California
Arcata  ,California
Clayton  ,North Carolina
New Castle  ,Indiana
Suwanee  ,Georgia
Martinsburg  ,West Virginia
Palos Hills  ,Illinois
Colonial Heights  ,Virginia
Beckley  ,West Virginia
Scarsdale  ,New York
Central Point  ,Oregon
Menasha  ,Wisconsin
Kirksville  ,Missouri
Nederland  ,Texas
La Vista  ,Nebraska
Helena  ,Alabama
Durango  ,Colorado
Tallmadge  ,Ohio
Sycamore  ,Illinois
East Cleveland  ,Ohio
Bay   ,Texas
Lindenwold  ,New Jersey
North Canton  ,Ohio
Ocean Springs  ,Mississippi
Greenfield Town  ,Massachusetts
Marion  ,Illinois
South Houston  ,Texas
New Philadelphia  ,Ohio
Fairhope  ,Alabama
Chowchilla  ,California
Bristol  ,Virginia
Poplar Bluff  ,Missouri
Clarksdale  ,Mississippi